file,member,vb_ref,status,lines,signals,notes
ApplicationEvents.vb,MyApplication_Startup,ApplicationEvents.vb:28,Divergence,18,deletefile fs.,WinForms app-lifecycle/exception + dialog events + ListView map/web editors + bg-worker + colour constants + Windows taskbar.
ApplicationEvents.vb,MyApplication_UnhandledException,ApplicationEvents.vb:65,Divergence,59,,WinForms app-lifecycle/exception + dialog events + ListView map/web editors + bg-worker + colour constants + Windows taskbar.
ApplicationEvents.vb,LogExceptionInfo,ApplicationEvents.vb:156,Divergence,16,,WinForms app-lifecycle/exception + dialog events + ListView map/web editors + bg-worker + colour constants + Windows taskbar.
ApplicationEvents.vb,MyApplication_StartupNextInstance,ApplicationEvents.vb:196,Divergence,7,,WinForms app-lifecycle/exception + dialog events + ListView map/web editors + bg-worker + colour constants + Windows taskbar.
ApplicationEvents.vb,MyApplication_Shutdown,ApplicationEvents.vb:219,Divergence,7,,WinForms app-lifecycle/exception + dialog events + ListView map/web editors + bg-worker + colour constants + Windows taskbar.
BackupManager.Methods.vb,DeleteFiles,BackupManager.Methods.vb:180,Deferred,8,deletefile fs.,BackupManager + NetworkManager shared-store/sync + find-rename + original-restorers + legacy migrate. The SlideShow and prefix-editor items named here previously are done.
BackupManager.Methods.vb,DeleteMods,BackupManager.Methods.vb:197,Deferred,12,deletefile fs.,BackupManager + NetworkManager shared-store/sync + find-rename + original-restorers + legacy migrate. The SlideShow and prefix-editor items named here previously are done.
BackupManager.vb,BtDelete_Click,BackupManager.vb:395,Partial,22,deletefile,"WizardBuilder transfer/display + GameManager archive/restore/activate/deactivate/delete actions (core ported, VB wiring divergent)."
BikToWbmDialogue.vb,BgConverter_DoWork,BikToWbmDialogue.vb:173,Divergence,20,directory. my.computer.filesystem,WinForms lifecycle/event/virtual-list/background-worker plumbing; N/A in Qt.
BikToWbmDialogue.vb,BgConverter_ProgressChanged,BikToWbmDialogue.vb:203,Divergence,15,my.computer.filesystem,WinForms lifecycle/event/virtual-list/background-worker plumbing; N/A in Qt.
CalculateCRCs.vb,ShowDialog,CalculateCRCs.vb:246,Ported,61,.save( file. my.computer.filesystem my.settings.privatemillisecondsperbyte = pd.,DocOrganiser/ModPlayViewer/WizardBuilder core report/view/save logic (subagent+orchestrator).
CalculateCRCs.vb,CalculateCRCs_FormClosing,CalculateCRCs.vb:511,Divergence,29,.save( my.settings.privatemillisecondsperbyte =,UI status/progress + WinForms background-worker plumbing (CRC compute engine itself is ported in core).
ClassesSkillsAndFeats.vb,LoadClassDescriptions,ClassesSkillsAndFeats.vb:307,Ported,25,file. my.computer.filesystem,verified: classes_skills_feats dialog + character_reference
ClassesSkillsAndFeats.vb,LoadInfoFiles,ClassesSkillsAndFeats.vb:341,Divergence,23,file.,Classes/Skills/Feats + Dependency editor + Basic Settings are ported in dedicated modules; these VB dialog methods are WinForms/virtual-list plumbing.
CrashDumpManager.vb,CrashDumpManager_FormClosing,CrashDumpManager.vb:203,Deferred,11,my.computer.filesystem,CrashDumpManager (Windows crash dumps); ExtendedEditionDialogue (EE user-folder prompt; editions detection ported in editions.py/locations.py); AliasSectionEditor BOUNDED tail (reset-to-standard + game-saves shared/per-profile toggle) — the view/edit/save core is Ported (see alias_editor_ported).
CrashDumpManager.vb,BtSubmit_Click,CrashDumpManager.vb:222,Deferred,14,runprogram,CrashDumpManager (Windows crash dumps); ExtendedEditionDialogue (EE user-folder prompt; editions detection ported in editions.py/locations.py); AliasSectionEditor BOUNDED tail (reset-to-standard + game-saves shared/per-profile toggle) — the view/edit/save core is Ported (see alias_editor_ported).
CrashDumpManager.vb,BtDeleteAll_Click,CrashDumpManager.vb:260,Deferred,3,deletefile,CrashDumpManager (Windows crash dumps); ExtendedEditionDialogue (EE user-folder prompt; editions detection ported in editions.py/locations.py); AliasSectionEditor BOUNDED tail (reset-to-standard + game-saves shared/per-profile toggle) — the view/edit/save core is Ported (see alias_editor_ported).
CrashDumpManager.vb,BtDelete_Click,CrashDumpManager.vb:270,Partial,7,deletefile,"WizardBuilder transfer/display + GameManager archive/restore/activate/deactivate/delete actions (core ported, VB wiring divergent)."
CrashDumpManager.vb,DeleteFiles,CrashDumpManager.vb:287,Deferred,47,deletefile fs. movefile pd.,BackupManager + NetworkManager shared-store/sync + find-rename + original-restorers + legacy migrate. The SlideShow and prefix-editor items named here previously are done.
DailyPlayTimeInfo.vb,InfoFile,DailyPlayTimeInfo.vb:31,Deferred,5,my.computer.filesystem,auto day-conversion factor (deferred)
DailyPlayTimeInfo.vb,TodaysTime,DailyPlayTimeInfo.vb:89,Ported,8,,"DailyPlayTime + Copy-MapId-Rule ported: game/daily_play_time.py (DailyPlayTime avg/info, VB TodaysTime/DailyAverage/GetDailyPlayInfo/NitStartUp) + controller.record_daily_play/daily_play_report (hooked into process_play_session) surfaced in PlayDataViewer; game/workshop.map_id_rule + WorkshopViewer Copy MapId Rule (VB CmCopyMapIdRule). Steam Workshop network title fetch stays deferred (needs live Steam request)."
DailyPlayTimeInfo.vb,Save,DailyPlayTimeInfo.vb:164,Deferred,8,my.computer.filesystem,auto day-conversion factor (deferred)
DailyPlayTimeInfo.vb,GetDailyPlayInfo,DailyPlayTimeInfo.vb:185,Ported,20,,"DailyPlayTime + Copy-MapId-Rule ported: game/daily_play_time.py (DailyPlayTime avg/info, VB TodaysTime/DailyAverage/GetDailyPlayInfo/NitStartUp) + controller.record_daily_play/daily_play_report (hooked into process_play_session) surfaced in PlayDataViewer; game/workshop.map_id_rule + WorkshopViewer Copy MapId Rule (VB CmCopyMapIdRule). Steam Workshop network title fetch stays deferred (needs live Steam request)."
DownloadProject.Files.vb,DownloadMarkedFiles,DownloadProject.Files.vb:32,Ported,98,createmodfolder pd.,"StartScreen actions + vault download/install pipeline (subagent-swept, orchestrator-verified vs memory)."
DownloadProject.Files.vb,CreateModFolder,DownloadProject.Files.vb:186,Ported,39,createmodfolder fs. my.computer.filesystem pd.,"StartScreen actions + vault download/install pipeline (subagent-swept, orchestrator-verified vs memory)."
DownloadProject.Files.vb,DownloadFile,DownloadProject.Files.vb:255,Ported,41,my.settings.privatedownloadbytespersecond =,"StartScreen actions + vault download/install pipeline (subagent-swept, orchestrator-verified vs memory)."
DownloadProject.Files.vb,CreateInstallers,DownloadProject.Files.vb:319,Ported,88,my.computer.filesystem,"StartScreen actions + vault download/install pipeline (subagent-swept, orchestrator-verified vs memory)."
DownloadProject.Files.vb,SetEstimate,DownloadProject.Files.vb:561,Divergence,4,file.,WinForms event/progress/UI plumbing refactored into controller/vault + bounded viewer (search/copy-paste/nav). Owner-confirm candidates: StartScreen export/copy-paste/search.
ErfFileReader.IfoReader.vb,GetFieldText,ErfFileReader.IfoReader.vb:62,Ported,42,,"helper logic ported in its parent module (IFO/module decode, state text/colour, bic skills/feats, char filter, workshop, vault rules, find dialogue, eq/hash, crc info)."
ErfFileReader.IfoReader.vb,ReadHeader,ErfFileReader.IfoReader.vb:122,Ported,18,,"helper logic ported in its parent module (IFO/module decode, state text/colour, bic skills/feats, char filter, workshop, vault rules, find dialogue, eq/hash, crc info)."
ErfFileReader.IfoReader.vb,GetFieldDataCExoLocString,ErfFileReader.IfoReader.vb:152,Ported,17,,"helper logic ported in its parent module (IFO/module decode, state text/colour, bic skills/feats, char filter, workshop, vault rules, find dialogue, eq/hash, crc info)."
ErfFileReader.IfoReader.vb,GetLabel,ErfFileReader.IfoReader.vb:178,Ported,4,,"helper logic ported in its parent module (IFO/module decode, state text/colour, bic skills/feats, char filter, workshop, vault rules, find dialogue, eq/hash, crc info)."
FileConflictsViewer.vb,BtInstalled_Click,FileConflictsViewer.vb:133,Ported,3,pd.,"port view/domain layer (details/contents/status/paste/recent/profile views, hak-patch, play-data viewer, find-files, conflicts, workshop, publish)."
FileConflictsViewer.vb,BtAll_Click,FileConflictsViewer.vb:143,Ported,3,pd.,"port view/domain layer (details/contents/status/paste/recent/profile views, hak-patch, play-data viewer, find-files, conflicts, workshop, publish)."
FileConflictsViewer.vb,LvFiles_SelectedIndexChanged,FileConflictsViewer.vb:180,Ported,15,pd.,install engine + rename + analyser browser report (subagent-swept).
FileConflictsViewer.vb,BgProcessModFiles_DoWork,FileConflictsViewer.vb:278,Divergence,40,my.computer.filesystem pd.,WinForms lifecycle/event/virtual-list/background-worker/mouse-hover plumbing.
FindProfileFilesDialogue.vb,Folder,FindProfileFilesDialogue.vb:48,Divergence,3,file.,"VB per-preference ListView-editor framework (Preferences/Config/Profiles/Locations pages, Import/Export/Reset/Undo). Bounded port = tabbed dialog + FolderMapping + status-bar profile menu. Subagent verdict: 0 MISSING user prefs (see FINDING_3_SETTINGS.md for the pref-level gap = 10 add-a-setting items)."
FindProfileFilesDialogue.vb,CmDisplayInfo_Click,FindProfileFilesDialogue.vb:314,Divergence,24,runprogram,WinForms lifecycle/event/virtual-list/background-worker/mouse-hover plumbing.
FindProfileFilesDialogue.vb,SelectDetails,FindProfileFilesDialogue.vb:470,Ported,18,my.computer.filesystem,"port view/domain layer (details/contents/status/paste/recent/profile views, hak-patch, play-data viewer, find-files, conflicts, workshop, publish)."
FindProfileFilesDialogue.vb,BgGetFiles_DoWork,FindProfileFilesDialogue.vb:525,Divergence,10,my.computer.filesystem,WinForms lifecycle/event/virtual-list/background-worker/mouse-hover plumbing.
GameManager.GameManagerInfo.vb,GetArchives,GameManager.GameManagerInfo.vb:189,Partial,16,fs. my.computer.filesystem,bg-worker scan/size merged into sync refresh; backup-folder merge + archive-size + display-name bounded.
GameManager.MenuActions.vb,ArchiveGames,GameManager.MenuActions.vb:26,Divergence,108,fs. my.computer.filesystem,"WinForms lifecycle/event/virtual-list/bg-worker + bounded-viewer extras (owner-confirm: ModPlayViewer end-level filter/recent, DocOrganiser rtf/properties)."
GameManager.MenuActions.vb,RestoreGames,GameManager.MenuActions.vb:180,Divergence,11,fs. my.computer.filesystem,"WinForms lifecycle/event/virtual-list/bg-worker + bounded-viewer extras (owner-confirm: ModPlayViewer end-level filter/recent, DocOrganiser rtf/properties)."
GameManager.MenuActions.vb,DeactivateGame,GameManager.MenuActions.vb:204,Divergence,49,my.computer.filesystem,"WinForms lifecycle/event/virtual-list/bg-worker + bounded-viewer extras (owner-confirm: ModPlayViewer end-level filter/recent, DocOrganiser rtf/properties)."
GameManager.MenuActions.vb,ActivateGame,GameManager.MenuActions.vb:274,Divergence,52,fs. my.computer.filesystem,"WinForms lifecycle/event/virtual-list/bg-worker + bounded-viewer extras (owner-confirm: ModPlayViewer end-level filter/recent, DocOrganiser rtf/properties)."
GameManager.MenuActions.vb,DeleteGame,GameManager.MenuActions.vb:357,Divergence,92,.save( my.computer.filesystem,"WinForms lifecycle/event/virtual-list/bg-worker + bounded-viewer extras (owner-confirm: ModPlayViewer end-level filter/recent, DocOrganiser rtf/properties)."
GameManager.MenuActions.vb,DeleteFinished,GameManager.MenuActions.vb:481,Divergence,106,.save( my.computer.filesystem,"WinForms lifecycle/event/virtual-list/bg-worker + bounded-viewer extras (owner-confirm: ModPlayViewer end-level filter/recent, DocOrganiser rtf/properties)."
GameManager.Methods.vb,PopulateSaveList,GameManager.Methods.vb:28,Divergence,56,.save( my.computer.filesystem,WinForms list/cursor/notification/bg-progress/lifecycle/mouse-hover plumbing + display-only props.
GameManager.Methods.vb,SanitiseGameSaves,GameManager.Methods.vb:129,Deferred,27,fs. my.computer.filesystem,SanitiseGameSaves + ValidateAndRepair (complex sync-failure recovery).
GameManager.Methods.vb,Backup,GameManager.Methods.vb:184,Ported,42,fs. my.computer.filesystem,verified: game_backup/save_archive
GameManager.Methods.vb,CreateBackupFolder,GameManager.Methods.vb:244,Partial,41,fs. my.computer.filesystem,bg-worker scan/size merged into sync refresh; backup-folder merge + archive-size + display-name bounded.
GameManager.Methods.vb,Restore,GameManager.Methods.vb:313,Ported,42,fs. my.computer.filesystem pim.,verified: game_backup/save_archive
GameManager.Methods.vb,AddItems,GameManager.Methods.vb:380,Ported,28,my.computer.filesystem pim.,verified: game_backup/save_archive
GameManager.Methods.vb,SortDisplayedGames,GameManager.Methods.vb:433,Divergence,39,my.computer.filesystem,WinForms list/cursor/notification/bg-progress/lifecycle/mouse-hover plumbing + display-only props.
GameManager.Methods.vb,ValidateAndRepair,GameManager.Methods.vb:626,Deferred,8,my.computer.filesystem,SanitiseGameSaves + ValidateAndRepair (complex sync-failure recovery).
GameManager.Properties.vb,FinishedEnabled,GameManager.Properties.vb:102,Divergence,20,my.settings.filerecyclebinforgames =,"WinForms lifecycle/event/virtual-list/bg-worker + bounded-viewer extras (owner-confirm: ModPlayViewer end-level filter/recent, DocOrganiser rtf/properties)."
GameManager.Properties.vb,ActiveGameKey,GameManager.Properties.vb:241,Divergence,5,pim.,"WinForms lifecycle/event/virtual-list/bg-worker + bounded-viewer extras (owner-confirm: ModPlayViewer end-level filter/recent, DocOrganiser rtf/properties)."
GameManager.Properties.vb,UninstallMods,GameManager.Properties.vb:269,Ported,2,uninstallmods,confirmed in port (install/uninstall/deps/erf/leto/editions/tga/skills/playdata/theme).
GameManager.vb,GameManager_Load,GameManager.vb:72,Divergence,64,my.settings.filerecyclebinforgames =,"WinForms lifecycle/event/virtual-list/bg-worker + bounded-viewer extras (owner-confirm: ModPlayViewer end-level filter/recent, DocOrganiser rtf/properties)."
GameManager.vb,BtClose_Click,GameManager.vb:218,Divergence,9,my.settings.configsavesretention =,"bounded read-only viewer port: VB filters/navigation/editors/bg-workers/Windows-shell handlers intentionally not ported (PARITY.md recurring pattern). SOME are owner-confirm candidates: ModExplorer filter subsystem, PortraitManager prev/next navigation."
GameManager.vb,CmOpen_Click,GameManager.vb:407,Divergence,23,runprogram,"WinForms lifecycle/event/virtual-list/bg-worker + bounded-viewer extras (owner-confirm: ModPlayViewer end-level filter/recent, DocOrganiser rtf/properties)."
GameManager.vb,TsActivate_MouseUp,GameManager.vb:572,Divergence,47,installmods pd. uninstallmods,"WinForms lifecycle/event/virtual-list/bg-worker + bounded-viewer extras (owner-confirm: ModPlayViewer end-level filter/recent, DocOrganiser rtf/properties)."
GameManager.vb,TsDeactivate_MouseUp,GameManager.vb:654,Divergence,17,pd. uninstallmods,"WinForms lifecycle/event/virtual-list/bg-worker + bounded-viewer extras (owner-confirm: ModPlayViewer end-level filter/recent, DocOrganiser rtf/properties)."
GameManager.vb,TsDelete_Click,GameManager.vb:681,Partial,13,my.settings.filerecyclebinforgames =,"WizardBuilder transfer/display + GameManager archive/restore/activate/deactivate/delete actions (core ported, VB wiring divergent)."
GameManager.vb,TsFinished_Click,GameManager.vb:703,Divergence,19,my.settings.filerecyclebinforgames =,"WinForms lifecycle/event/virtual-list/bg-worker + bounded-viewer extras (owner-confirm: ModPlayViewer end-level filter/recent, DocOrganiser rtf/properties)."
GameManagerRestore.vb,SelectedRangeDisplayName,GameManagerRestore.vb:55,Divergence,6,my.computer.filesystem,WinForms list/cursor/notification/bg-progress/lifecycle/mouse-hover plumbing + display-only props.
GameManagerRestore.vb,GameManagerRestore_Load,GameManagerRestore.vb:88,Divergence,44,my.computer.filesystem,WinForms list/cursor/notification/bg-progress/lifecycle/mouse-hover plumbing + display-only props.
GameManagerRestore.vb,BtDelete_Click,GameManagerRestore.vb:166,Partial,31,my.settings.filerecyclebinforgames =,"WizardBuilder transfer/display + GameManager archive/restore/activate/deactivate/delete actions (core ported, VB wiring divergent)."
GameManagerRestore.vb,FvGameSaves_KeyPress,GameManagerRestore.vb:278,Divergence,5,runprogram,WinForms list/cursor/notification/bg-progress/lifecycle/mouse-hover plumbing + display-only props.
GameManagerRestore.vb,CmOpen_Click,GameManagerRestore.vb:350,Divergence,3,runprogram,"WinForms lifecycle/event/virtual-list/bg-worker + bounded-viewer extras (owner-confirm: ModPlayViewer end-level filter/recent, DocOrganiser rtf/properties)."
GameMapper.Defs.vb,FileScanCurrent,GameMapper.Defs.vb:44,Ported,5,,verified: game_mapper
GameMapper.Defs.vb,GameMapData,GameMapper.Defs.vb:100,Ported,5,my.computer.filesystem,verified: game_mapper
GameMapper.Defs.vb,UserResponsesFile,GameMapper.Defs.vb:109,Ported,5,my.computer.filesystem,"helper logic ported in its parent module (IFO/module decode, state text/colour, bic skills/feats, char filter, workshop, vault rules, find dialogue, eq/hash, crc info)."
GameMapper.Internal.vb,Load,GameMapper.Internal.vb:30,Ported,26,my.computer.filesystem,verified: game_mapper resolution
GameMapper.Internal.vb,Save,GameMapper.Internal.vb:71,Ported,19,deletefile file. fs. my.computer.filesystem,verified: game_mapper resolution
GameMapper.Internal.vb,GetDescriptionFromFile,GameMapper.Internal.vb:106,Ported,7,,"helper logic ported in its parent module (IFO/module decode, state text/colour, bic skills/feats, char filter, workshop, vault rules, find dialogue, eq/hash, crc info)."
GameMapper.Internal.vb,IsNotPatch,GameMapper.Internal.vb:125,Ported,18,,verified: game_mapper resolution
GameMapper.Internal.vb,IsNotPatch,GameMapper.Internal.vb:156,Ported,18,,verified: game_mapper resolution
GameMapper.Internal.vb,AskUser,GameMapper.Internal.vb:188,Ported,21,file.,verified: game_mapper resolution
GameMapper.Internal.vb,FindModNames,GameMapper.Internal.vb:237,Ported,20,my.computer.filesystem pd.,verified: game_mapper resolution
GameMapper.Internal.vb,ValidateName,GameMapper.Internal.vb:270,Divergence,10,,WinForms event/progress/UI plumbing refactored into controller/vault + bounded viewer (search/copy-paste/nav). Owner-confirm candidates: StartScreen export/copy-paste/search.
GameMapper.Internal.vb,GetSaveInfo,GameMapper.Internal.vb:297,Ported,26,,"helper logic ported in its parent module (IFO/module decode, state text/colour, bic skills/feats, char filter, workshop, vault rules, find dialogue, eq/hash, crc info)."
GameMapper.SaveNameInfo.vb,Add,GameMapper.SaveNameInfo.vb:42,Ported,15,,verified: game_mapper save-name
GameMapper.Workers.vb,BgModScanner_DoWork,GameMapper.Workers.vb:27,Divergence,16,,WinForms app-lifecycle/exception + dialog events + ListView map/web editors + bg-worker + colour constants + Windows taskbar.
GameMapper.Workers.vb,BgModScanner_ProgressChanged,GameMapper.Workers.vb:55,Divergence,9,,WinForms app-lifecycle/exception + dialog events + ListView map/web editors + bg-worker + colour constants + Windows taskbar.
GameMapper.Workers.vb,ScanProfiles,GameMapper.Workers.vb:73,Ported,42,my.computer.filesystem,verified: mod scan (sync in port)
GameMapper.Workers.vb,ModFileExists,GameMapper.Workers.vb:129,Ported,9,,"helper logic ported in its parent module (IFO/module decode, state text/colour, bic skills/feats, char filter, workshop, vault rules, find dialogue, eq/hash, crc info)."
GameMapper.Workers.vb,IgnoreModFile,GameMapper.Workers.vb:150,Ported,16,my.computer.filesystem,verified: mod scan (sync in port)
GameSavesPathDialogue.vb,GameSavesPathDialogue_Load,GameSavesPathDialogue.vb:59,Divergence,70,fs. my.computer.filesystem,WinForms list/cursor/notification/bg-progress/lifecycle/mouse-hover plumbing + display-only props.
GameSavesPathDialogue.vb,TxGameSaves_TextChanged,GameSavesPathDialogue.vb:156,Divergence,12,my.computer.filesystem,WinForms list/cursor/notification/bg-progress/lifecycle/mouse-hover plumbing + display-only props.
GameSavesPathDialogue.vb,BtSave_Click,GameSavesPathDialogue.vb:222,Ported,8,my.settings.pathgamesaves =,DocOrganiser/ModPlayViewer/WizardBuilder core report/view/save logic (subagent+orchestrator).
HakPatchEditor.vb,HakPatchEditor_Load,HakPatchEditor.vb:30,Ported,50,hpm.,"Hak Patch editor ported: controller.patch_hak_sequence/save_patch_hak_sequence (reorder PatchFileSequence.txt + regenerate nwnpatch.ini) + ui/dialogs/hak_patch_editor.py (list + Move Up/Down + Save), wired MsHakPatchEditor."
HakPatchEditor.vb,BtSave_Click,HakPatchEditor.vb:202,Ported,12,hpm.,DocOrganiser/ModPlayViewer/WizardBuilder core report/view/save logic (subagent+orchestrator).
InstallationManager.GroupInfo.vb,ModCount,InstallationManager.GroupInfo.vb:37,Ported,5,,DocOrganiser/ModPlayViewer/WizardBuilder core report/view/save logic (subagent+orchestrator).
InstallationManager.GroupInfo.vb,ModItems,InstallationManager.GroupInfo.vb:48,Ported,5,,"Installation sets ported: game/installation_sets.py (data model + apply-diff + validate + JSON) + controller load/save/create_checkpoint/create_set/rename/delete/apply + ui/dialogs/installation_manager.py editor, wired MsInstallationManager/RbnInstallationManager."
InstallationManager.GroupInfo.vb,ModItems,InstallationManager.GroupInfo.vb:59,Ported,10,,"Installation sets ported: game/installation_sets.py (data model + apply-diff + validate + JSON) + controller load/save/create_checkpoint/create_set/rename/delete/apply + ui/dialogs/installation_manager.py editor, wired MsInstallationManager/RbnInstallationManager."
InstallationManager.GroupInfo.vb,GroupState,InstallationManager.GroupInfo.vb:74,Ported,15,,installation-sets data model -> game/installation_sets.GroupEntry
InstallationManager.ModInfo.vb,CurrentState,InstallationManager.ModInfo.vb:32,Ported,9,pd.,"Installation sets ported: game/installation_sets.py (data model + apply-diff + validate + JSON) + controller load/save/create_checkpoint/create_set/rename/delete/apply + ui/dialogs/installation_manager.py editor, wired MsInstallationManager/RbnInstallationManager."
InstallationManagerEditor.vb,InstallationManager_Load,InstallationManagerEditor.vb:110,Divergence,97,pd.,WinForms lifecycle/virtual-list/shell-integration/key plumbing.
InstallationManagerEditor.vb,InstallationManagerEditor_FormClosing,InstallationManagerEditor.vb:244,Divergence,12,.save( my.settings.privateinstallationmanager =,WinForms lifecycle/virtual-list/shell-integration/key plumbing.
InstallationManagerEditor.vb,BtApply_Click,InstallationManagerEditor.vb:268,Deferred,40,installmods pd. uninstallmods,ModFindAndRename (dead MsFindAndRename) + wizard file-threshold. DocOrganiser Properties is done; its Reset is the port's Refresh.
MenuItemEditor.vb,MenuItemEditor_Load,MenuItemEditor.vb:188,Divergence,83,file. my.computer.filesystem,WinForms lifecycle/event/virtual-list/background-worker/mouse-hover plumbing.
MenuItemEditor.vb,TxProgramLocation_TextChanged,MenuItemEditor.vb:350,Divergence,27,my.computer.filesystem,WinForms lifecycle/event/virtual-list/background-worker/mouse-hover plumbing.
ModExplorer.Common.vb,PopulateGroupFilters,ModExplorer.Common.vb:42,Divergence,28,file. my.computer.filesystem pd.,"VB per-preference ListView-editor plumbing (Preferences/Advanced/MenuCommon/MapExceptions pages), ModExplorer rating/prefix/operand filters + virtual-list/bg-worker, and ModView WinForms events / cosmetic icons+tooltips. Bounded port = tabbed Settings dialog + name/state/completed ModExplorer filter."
ModExplorer.Common.vb,UseDefaultGroupFilters,ModExplorer.Common.vb:87,Divergence,15,pd.,"VB per-preference ListView-editor plumbing (Preferences/Advanced/MenuCommon/MapExceptions pages), ModExplorer rating/prefix/operand filters + virtual-list/bg-worker, and ModView WinForms events / cosmetic icons+tooltips. Bounded port = tabbed Settings dialog + name/state/completed ModExplorer filter."
ModExplorer.Common.vb,PopulateModPrefixes,ModExplorer.Common.vb:113,Divergence,22,my.settings.filterprefixlist =,"VB per-preference ListView-editor plumbing (Preferences/Advanced/MenuCommon/MapExceptions pages), ModExplorer rating/prefix/operand filters + virtual-list/bg-worker, and ModView WinForms events / cosmetic icons+tooltips. Bounded port = tabbed Settings dialog + name/state/completed ModExplorer filter."
ModExplorer.Common.vb,SavePrefixFilters,ModExplorer.Common.vb:239,Divergence,11,my.settings.filterprefixlist =,"VB per-preference ListView-editor plumbing (Preferences/Advanced/MenuCommon/MapExceptions pages), ModExplorer rating/prefix/operand filters + virtual-list/bg-worker, and ModView WinForms events / cosmetic icons+tooltips. Bounded port = tabbed Settings dialog + name/state/completed ModExplorer filter."
ModExplorer.ListManager.vb,PopulateModList,ModExplorer.ListManager.vb:88,Ported,32,pd.,mod-list report + bounded ModExplorer filter (name/state) + download required-projects/sizes + rule/extension prefs.
ModExplorer.ListManager.vb,NotFiltered,ModExplorer.ListManager.vb:149,Divergence,63,map.,"VB per-preference ListView-editor plumbing (Preferences/Advanced/MenuCommon/MapExceptions pages), ModExplorer rating/prefix/operand filters + virtual-list/bg-worker, and ModView WinForms events / cosmetic icons+tooltips. Bounded port = tabbed Settings dialog + name/state/completed ModExplorer filter."
ModExplorer.ListManager.vb,LvExplorer_RetrieveVirtualItem,ModExplorer.ListManager.vb:326,Divergence,19,pd.,"VB per-preference ListView-editor plumbing (Preferences/Advanced/MenuCommon/MapExceptions pages), ModExplorer rating/prefix/operand filters + virtual-list/bg-worker, and ModView WinForms events / cosmetic icons+tooltips. Bounded port = tabbed Settings dialog + name/state/completed ModExplorer filter."
ModExplorer.Properties.vb,SelectedMod,ModExplorer.Properties.vb:302,Ported,5,pd.,verified: bounded filter props
ModExplorer.vb,ModExplorer_Load,ModExplorer.vb:42,Partial,230,my.settings.filterratingoperand = my.settings.filterstateoperand = pd.,"viewer shell + core present; VB richness simplified (haiku swept, orchestrator-verified)."
ModExplorer.vb,ModExplorer_FormClosing,ModExplorer.vb:416,Divergence,32,.save( file. my.computer.filesystem my.settings.filterinstallers = my.settings.filtermodfiles = my.settings.filterratingoperand =,"bounded read-only viewer port: VB filters/navigation/editors/bg-workers/Windows-shell handlers intentionally not ported (PARITY.md recurring pattern). SOME are owner-confirm candidates: ModExplorer filter subsystem, PortraitManager prev/next navigation."
ModExplorer.vb,TsStateOperand_Click,ModExplorer.vb:678,Divergence,24,my.settings.filterstateoperand =,"bounded read-only viewer port: VB filters/navigation/editors/bg-workers/Windows-shell handlers intentionally not ported (PARITY.md recurring pattern). SOME are owner-confirm candidates: ModExplorer filter subsystem, PortraitManager prev/next navigation."
ModExplorer.vb,CmOperand_Click,ModExplorer.vb:754,Divergence,23,my.settings.filterratingoperand =,"bounded read-only viewer port: VB filters/navigation/editors/bg-workers/Windows-shell handlers intentionally not ported (PARITY.md recurring pattern). SOME are owner-confirm candidates: ModExplorer filter subsystem, PortraitManager prev/next navigation."
ModExplorer.vb,TsAddToRecentMods_Click,ModExplorer.vb:913,Divergence,8,pd.,"bounded read-only viewer port: VB filters/navigation/editors/bg-workers/Windows-shell handlers intentionally not ported (PARITY.md recurring pattern). SOME are owner-confirm candidates: ModExplorer filter subsystem, PortraitManager prev/next navigation."
ModExplorer.vb,BgNotes_DoWork,ModExplorer.vb:1099,Divergence,20,file. pd.,"bounded read-only viewer port: VB filters/navigation/editors/bg-workers/Windows-shell handlers intentionally not ported (PARITY.md recurring pattern). SOME are owner-confirm candidates: ModExplorer filter subsystem, PortraitManager prev/next navigation."
ModExplorerExtensions.vb,ToggleFilter,ModExplorerExtensions.vb:47,Divergence,12,,WinForms app-lifecycle/exception + dialog events + ListView map/web editors + bg-worker + colour constants + Windows taskbar.
ModExport.vb,ExportMod,ModExport.vb:50,Deferred,18,my.computer.filesystem pd.,shared-store export (data strategy)
ModExport.vb,GetImports,ModExport.vb:86,Deferred,27,my.computer.filesystem pim.,daily-play-time auto factor / shared-store export / installation-sets / repair-list / find-rename / workshop network title fetch.
ModExport.vb,GetList,ModExport.vb:124,Deferred,29,deletefile fs. my.computer.filesystem,daily-play-time auto factor / shared-store export / installation-sets / repair-list / find-rename / workshop network title fetch.
ModExport.vb,ModFolder,ModExport.vb:189,Deferred,8,directory. my.computer.filesystem,shared-store export (data strategy)
ModFindAndRename.ModNames.vb,GetNames,ModFindAndRename.ModNames.vb:249,Divergence,11,pd.,WinForms lifecycle/event/virtual-list/background-worker/mouse-hover plumbing.
ModFindAndRename.vb,BtApply_Click,ModFindAndRename.vb:133,Deferred,77,pd.,ModFindAndRename (dead MsFindAndRename) + wizard file-threshold. DocOrganiser Properties is done; its Reset is the port's Refresh.
ModPlayViewer.vb,ModPlayViewer_Load,ModPlayViewer.vb:124,Divergence,91,pd.,"WinForms lifecycle/event/virtual-list/bg-worker + bounded-viewer extras (owner-confirm: ModPlayViewer end-level filter/recent, DocOrganiser rtf/properties)."
ModPlayViewer.vb,BtRecent_Click,ModPlayViewer.vb:302,Divergence,9,pd.,"WinForms lifecycle/event/virtual-list/bg-worker + bounded-viewer extras (owner-confirm: ModPlayViewer end-level filter/recent, DocOrganiser rtf/properties)."
ModPlayViewer.vb,BtSelect_Click,ModPlayViewer.vb:321,Divergence,8,my.settings.privaterestoreselection =,"bounded read-only viewer port: VB filters/navigation/editors/bg-workers/Windows-shell handlers intentionally not ported (PARITY.md recurring pattern). SOME are owner-confirm candidates: ModExplorer filter subsystem, PortraitManager prev/next navigation."
ModPlayViewer.vb,ModPlayViewer_FormClosing,ModPlayViewer.vb:357,Divergence,26,.save( my.settings.playedendlevelfilter = my.settings.playedgroupfilters = my.settings.playedonlyshowcompleted = my.settings.playedratingfilters = my.settings.playedshownoendlevel =,"WinForms lifecycle/event/virtual-list/bg-worker + bounded-viewer extras (owner-confirm: ModPlayViewer end-level filter/recent, DocOrganiser rtf/properties)."
ModPlayViewer.vb,Ts_CheckedChanged,ModPlayViewer.vb:520,Ported,7,my.settings.privaterestoreselection =,DocOrganiser/ModPlayViewer/WizardBuilder core report/view/save logic (subagent+orchestrator).
ModPlayViewer.vb,TsEndFilter_Click,ModPlayViewer.vb:534,Divergence,17,my.settings.privaterestoreselection =,"WinForms lifecycle/event/virtual-list/bg-worker + bounded-viewer extras (owner-confirm: ModPlayViewer end-level filter/recent, DocOrganiser rtf/properties)."
ModPlayViewer.vb,TsFilters_Click,ModPlayViewer.vb:559,Divergence,10,my.settings.privaterestoreselection =,"bounded read-only viewer port: VB filters/navigation/editors/bg-workers/Windows-shell handlers intentionally not ported (PARITY.md recurring pattern). SOME are owner-confirm candidates: ModExplorer filter subsystem, PortraitManager prev/next navigation."
ModPlayViewer.vb,TsRestoreSelected_CheckedChanged,ModPlayViewer.vb:598,Divergence,7,my.settings.privaterestoreselection =,"WinForms lifecycle/event/virtual-list/bg-worker + bounded-viewer extras (owner-confirm: ModPlayViewer end-level filter/recent, DocOrganiser rtf/properties)."
ModPlayViewer.vb,BgGetPlayedInfo_DoWork,ModPlayViewer.vb:615,Divergence,31,pd.,"WinForms lifecycle/event/virtual-list/bg-worker + bounded-viewer extras (owner-confirm: ModPlayViewer end-level filter/recent, DocOrganiser rtf/properties)."
NetworkManager.vb,Enabled,NetworkManager.vb:40,Deferred,5,,BackupManager + NetworkManager shared-store/sync + find-rename + original-restorers + legacy migrate. The SlideShow and prefix-editor items named here previously are done.
NetworkManager.vb,Connected,NetworkManager.vb:49,Deferred,5,,BackupManager + NetworkManager shared-store/sync + find-rename + original-restorers + legacy migrate. The SlideShow and prefix-editor items named here previously are done.
NetworkManager.vb,HasProfile,NetworkManager.vb:59,Deferred,5,,BackupManager + NetworkManager shared-store/sync + find-rename + original-restorers + legacy migrate. The SlideShow and prefix-editor items named here previously are done.
NetworkManager.vb,ProfileDataPath,NetworkManager.vb:68,Deferred,10,,BackupManager + NetworkManager shared-store/sync + find-rename + original-restorers + legacy migrate. The SlideShow and prefix-editor items named here previously are done.
NetworkManager.vb,ProfilePaths,NetworkManager.vb:82,Deferred,5,,BackupManager + NetworkManager shared-store/sync + find-rename + original-restorers + legacy migrate. The SlideShow and prefix-editor items named here previously are done.
NetworkManager.vb,UserName,NetworkManager.vb:92,Deferred,5,,BackupManager + NetworkManager shared-store/sync + find-rename + original-restorers + legacy migrate. The SlideShow and prefix-editor items named here previously are done.
NetworkManager.vb,SyncCount,NetworkManager.vb:151,Deferred,11,,BackupManager + NetworkManager shared-store/sync + find-rename + original-restorers + legacy migrate. The SlideShow and prefix-editor items named here previously are done.
NetworkManager.vb,ModSyncInfo,NetworkManager.vb:167,Deferred,11,,BackupManager + NetworkManager shared-store/sync + find-rename + original-restorers + legacy migrate. The SlideShow and prefix-editor items named here previously are done.
NetworkManager.vb,Connect,NetworkManager.vb:199,Deferred,5,,BackupManager + NetworkManager shared-store/sync + find-rename + original-restorers + legacy migrate. The SlideShow and prefix-editor items named here previously are done.
NetworkManager.vb,WaitForNetwork,NetworkManager.vb:211,Deferred,11,,BackupManager + NetworkManager shared-store/sync + find-rename + original-restorers + legacy migrate. The SlideShow and prefix-editor items named here previously are done.
NetworkManager.vb,GetFullPath,NetworkManager.vb:230,Deferred,5,,BackupManager + NetworkManager shared-store/sync + find-rename + original-restorers + legacy migrate. The SlideShow and prefix-editor items named here previously are done.
NetworkManager.vb,ProcessGetFullPath,NetworkManager.vb:243,Deferred,9,,BackupManager + NetworkManager shared-store/sync + find-rename + original-restorers + legacy migrate. The SlideShow and prefix-editor items named here previously are done.
NetworkManager.vb,SyncListLoad,NetworkManager.vb:260,Deferred,32,my.computer.filesystem,BackupManager + NetworkManager shared-store/sync + find-rename + original-restorers + legacy migrate. The SlideShow and prefix-editor items named here previously are done.
NetworkManager.vb,SyncListAdd,NetworkManager.vb:306,Deferred,12,,BackupManager + NetworkManager shared-store/sync + find-rename + original-restorers + legacy migrate. The SlideShow and prefix-editor items named here previously are done.
NetworkManager.vb,SyncFiles,NetworkManager.vb:324,Deferred,5,,BackupManager + NetworkManager shared-store/sync + find-rename + original-restorers + legacy migrate. The SlideShow and prefix-editor items named here previously are done.
NetworkManager.vb,WaitForSync,NetworkManager.vb:335,Deferred,5,,BackupManager + NetworkManager shared-store/sync + find-rename + original-restorers + legacy migrate. The SlideShow and prefix-editor items named here previously are done.
NetworkManager.vb,ModSynced,NetworkManager.vb:348,Deferred,9,,BackupManager + NetworkManager shared-store/sync + find-rename + original-restorers + legacy migrate. The SlideShow and prefix-editor items named here previously are done.
NetworkManager.vb,ModSynced,NetworkManager.vb:367,Deferred,12,,BackupManager + NetworkManager shared-store/sync + find-rename + original-restorers + legacy migrate. The SlideShow and prefix-editor items named here previously are done.
NetworkManager.vb,SyncListSaveAll,NetworkManager.vb:387,Deferred,4,my.computer.filesystem,BackupManager + NetworkManager shared-store/sync + find-rename + original-restorers + legacy migrate. The SlideShow and prefix-editor items named here previously are done.
NetworkManager.vb,SyncListSave,NetworkManager.vb:398,Deferred,20,my.computer.filesystem,BackupManager + NetworkManager shared-store/sync + find-rename + original-restorers + legacy migrate. The SlideShow and prefix-editor items named here previously are done.
NetworkManager.vb,SyncReport,NetworkManager.vb:429,Deferred,32,,BackupManager + NetworkManager shared-store/sync + find-rename + original-restorers + legacy migrate. The SlideShow and prefix-editor items named here previously are done.
NetworkManager.vb,BgNetwork_DoWork,NetworkManager.vb:474,Deferred,57,fs. my.computer.filesystem,BackupManager + NetworkManager shared-store/sync + find-rename + original-restorers + legacy migrate. The SlideShow and prefix-editor items named here previously are done.
NetworkManager.vb,BgSync_DoWork,NetworkManager.vb:553,Deferred,34,copyfile fs. my.computer.filesystem pd.,BackupManager + NetworkManager shared-store/sync + find-rename + original-restorers + legacy migrate. The SlideShow and prefix-editor items named here previously are done.
NitDownload.vb,BtOpen_Click,NitDownload.vb:146,Divergence,11,.save( my.settings.pathdownloadupdates =,WinForms lifecycle/event/virtual-list/background-worker/mouse-hover plumbing.
NitUserInterface.vb,SetPrefs,NitUserInterface.vb:50,Partial,17,my.settings.colourtheme =,"reads present, bounded (settings prefs load, nwn.ini validate)."
PlayDataViewer.vb,PlayDataViewer_Load,PlayDataViewer.vb:101,Divergence,151,my.settings.configdayconversionfactor =,WinForms lifecycle/event/virtual-list/background-worker/mouse-hover plumbing.
PlayDataViewer.vb,PlayDataViewer_FormClosing,PlayDataViewer.vb:356,Divergence,5,.save(,WinForms lifecycle/event/virtual-list/background-worker/mouse-hover plumbing.
PlayDataViewer.vb,LtxHoursPerDay_TextChanged,PlayDataViewer.vb:574,Divergence,13,my.settings.configautodayconversionfactor = my.settings.configdayconversionfactor =,WinForms lifecycle/event/virtual-list/background-worker/mouse-hover plumbing.
ProfileData.Config.vb,OrangeRed,ProfileData.Config.vb:37,Divergence,9,,WinForms app-lifecycle/exception + dialog events + ListView map/web editors + bg-worker + colour constants + Windows taskbar.
ProfileData.Config.vb,Green,ProfileData.Config.vb:47,Divergence,9,,colour constants (theme handles)
ProfileData.Config.vb,DodgerBlue,ProfileData.Config.vb:57,Divergence,9,,WinForms app-lifecycle/exception + dialog events + ListView map/web editors + bg-worker + colour constants + Windows taskbar.
ProfileData.Diag.vb,Report,ProfileData.Diag.vb:71,Divergence,28,,WinForms lifecycle/event/virtual-list/background-worker/mouse-hover plumbing.
ProfileData.Diag.vb,ReportFileKey,ProfileData.Diag.vb:108,Divergence,34,,debug diagnostic reports (debug-menu-only) + Windows taskbar progress + bounded RTF-recolour theme engine (port uses a single palette).
ProfileData.Diag.vb,OriginalDataReport,ProfileData.Diag.vb:161,Divergence,12,,debug diagnostic reports (debug-menu-only) + Windows taskbar progress + bounded RTF-recolour theme engine (port uses a single palette).
ProfileData.Diag.vb,Matched,ProfileData.Diag.vb:180,Ported,7,,verified: report helper
ProfileData.Diag.vb,InstallDataReport,ProfileData.Diag.vb:198,Divergence,30,,debug diagnostic reports (debug-menu-only) + Windows taskbar progress + bounded RTF-recolour theme engine (port uses a single palette).
ProfileData.Diag.vb,InstallDataReportItem,ProfileData.Diag.vb:239,Divergence,19,,debug diagnostic reports (debug-menu-only) + Windows taskbar progress + bounded RTF-recolour theme engine (port uses a single palette).
ProfileData.Diag.vb,ModDataReport,ProfileData.Diag.vb:269,Divergence,26,,debug diagnostic reports (debug-menu-only) + Windows taskbar progress + bounded RTF-recolour theme engine (port uses a single palette).
ProfileData.Diag.vb,ModDataReportItem,ProfileData.Diag.vb:308,Divergence,48,,debug diagnostic reports (debug-menu-only) + Windows taskbar progress + bounded RTF-recolour theme engine (port uses a single palette).
ProfileData.Diag.vb,FileDataReport,ProfileData.Diag.vb:375,Divergence,30,,debug diagnostic reports (debug-menu-only) + Windows taskbar progress + bounded RTF-recolour theme engine (port uses a single palette).
ProfileData.Diag.vb,FileDataReportItem,ProfileData.Diag.vb:416,Divergence,6,,debug diagnostic reports (debug-menu-only) + Windows taskbar progress + bounded RTF-recolour theme engine (port uses a single palette).
ProfileData.Diag.vb,FileKeyInfoReport,ProfileData.Diag.vb:424,Divergence,4,,debug diagnostic reports (debug-menu-only) + Windows taskbar progress + bounded RTF-recolour theme engine (port uses a single palette).
ProfileData.Diag.vb,FileDataReport,ProfileData.Diag.vb:431,Divergence,9,,debug diagnostic reports (debug-menu-only) + Windows taskbar progress + bounded RTF-recolour theme engine (port uses a single palette).
ProfileDataExtensions.vb,ToFullName,ProfileDataExtensions.vb:44,Ported,8,my.computer.filesystem,"helper logic ported in its parent module (IFO/module decode, state text/colour, bic skills/feats, char filter, workshop, vault rules, find dialogue, eq/hash, crc info)."
ProfileDataExtensions.vb,ToStateColour,ProfileDataExtensions.vb:101,Ported,7,,"helper logic ported in its parent module (IFO/module decode, state text/colour, bic skills/feats, char filter, workshop, vault rules, find dialogue, eq/hash, crc info)."
RtfThemeManager.vb,RtfThemeManager_Shown,RtfThemeManager.vb:245,Divergence,29,pim.,debug diagnostic reports (debug-menu-only) + Windows taskbar progress + bounded RTF-recolour theme engine (port uses a single palette).
RtfThemeManager.vb,SetColourTable,RtfThemeManager.vb:390,Divergence,26,.save( my.settings.coloursapplytortffiles =,debug diagnostic reports (debug-menu-only) + Windows taskbar progress + bounded RTF-recolour theme engine (port uses a single palette).
RtfThemeManager.vb,ProcessFile,RtfThemeManager.vb:427,Divergence,56,savefile,per-file RTF recolour (port uses one palette)
TaskbarProgress.vb,Update,TaskbarProgress.vb:31,Divergence,5,,Windows taskbar progress
TaskbarProgress.vb,Reset,TaskbarProgress.vb:42,Divergence,5,,Windows taskbar progress
