# Stage 2 scenario "basic": op<TAB>arg1<TAB>arg2. Lists are "|"-separated. Both runners
# execute this file; a snapshot is taken after every step (and at "start").
# Fixture sources live in <fixtures>/; game-folder paths are relative to the user dir.
paste	Alpha Pack|Beta Pack|Gamma Addon
create_installer	Alpha Pack|Beta Pack|Gamma Addon
set_dependency	Gamma Addon	Alpha Pack
install	Alpha Pack
install	Beta Pack
install	Gamma Addon
uninstall	Alpha Pack
external_delete	hak/beta.hak
external_write	tlk/beta.tlk	EDITED-OUTSIDE
rescan
uninstall	Beta Pack
uninstall	Gamma Addon
